Number,Link,Content
1,https://barnaul.medsi.ru/articles/medikamentoznye-blokady/,"Оглавление
Основные особенности блокад
Когда назначается процедура?
Противопоказания
Как проходит процедура?
Источники
Медикаментозная блокада – процедура, которая направлена на снятие болевого синдрома. Также она может решать и ряд сопутствующих задач (снижение воспаления, например). Медицинские блокады при правильной постановке хорошо переносятся и возвращают пациента к полноценной жизни. При грамотном введении препаратов квалифицированными специалистами инъекции не только эффективны, но и безопасны.
Важно! Для блокад подбираются исключительно современные препараты, хорошо зарекомендовавшие себя.
Давайте разбираться во всех особенностях процедур, показаниях и противопоказаниях к ним.
Основные особенности блокад
Основной целью процедур является устранение выраженного болевого синдрома. Также процедуры позволяют предотвратить переход патологии в хроническую форму и создают условия для быстрого выздоровления пациента или его реабилитации.
Медикаментозная блокада позвоночника и иных зон проводится непосредственно в очаге боли, где находятся нервные окончания. Она позволяет разорвать цепочку: «болевой импульс – спазм мышцы – боль». В результате процедуры снижается отечность и улучшается питание нервных клеток.
К основным преимуществам медицинских блокад относят:
Универсальность. Процедуры подходят для воздействия на различные зоны
Минимальное число побочных эффектов. Препараты вводятся не в кровяное русло, а в очаг поражения. Благодаря этому сокращается вероятность распространения лекарственного средства по всему организму
Высокую эффективность. Так как лекарственное средство вводится непосредственно в очаг боли, то действовать оно начинает практически моментально. Пациенту сразу же становится легче. Он забывает о боли, воспалении, отеке
Возможности для многократного проведения. При необходимости препараты вводятся несколько раз. Количество процедур определяется индивидуально, в зависимости от состояния пациента, выявленных у него патологий и заболеваний
Минимальные дозировки лекарственных препаратов. Локальное воздействие на очаг боли позволяет использовать малое количество вводимых средств. При этом их эффективность сохраняется на высоком уровне
Эффект от процедуры длится 10-12 часов. В дальнейшем боль может возникнуть вновь, но, как правило, она становится менее интенсивной.
Важно! В некоторых случаях такая процедура, как медицинская блокада, проводится в рамках оперативного вмешательства. С ее помощью предотвращают риски развития тошноты и рвоты, задержки мочи. Это позволяет сократить длительность реабилитации пациента после операции.
Сегодня медицинские блокады проводятся с использованием целого ряда различных препаратов.
Как правило, назначают растворы обезболивающих средств. Их концентрации и дозировки подбираются индивидуально, в зависимости от интенсивности болевого синдрома и места введения инъекций.
Также применяются противовоспалительные средства. Обычно назначают кортикостероиды. Они снимают воспаление и отек.
Антигистаминные препараты используются при наличии аллергической реакции или с целью ее предотвращения.
Для восстановления хрящевой ткани вместе с обезболивающими вводятся хондропротекторы. Также пациентам могут назначать медицинские блокады с витаминами, гиалуроновой кислотой и иными компонентами.
Когда назначается процедура?
Лечебно-медикаментозные блокады назначаются при различных патологиях костей, мышц и суставов. Обычно такие процедуры проводятся, когда другие методы снятия боли, воспалительного процесса и отека не дают выраженного результата или нецелесообразны.
Поставить блокаду следует при:
Травме позвоночника
Артрозе
Защемлении нервов
Радикулите
Остеохондрозе
Также специальные лекарственные препараты вводятся при грыжах позвоночника, межреберной невралгии, почечных и печеночных коликах, хроническом болевом синдроме, воспалении мышц. Актуальны блокады после оперативных вмешательств на молочных железах, органах грудной клетки и др.
Противопоказания
Медицинские блокады не проводятся при индивидуальной чувствительности к применяемым препаратам, при повреждениях на коже в области воздействия и инфекционных процессах.
Противопоказаниями к процедуре также являются:
Период лактации
Онкология
Эпилепсия
Повышенная температура тела
Низкое артериальное давление
Патологии свертывающей системы крови
Серьезные патологии сердечно-сосудистой системы
Печеночная и почечная недостаточность
Нагноения в плевральной полости
Лечебно-медикаментозные блокады не ставятся при лечении гепарином. С осторожностью манипуляции на позвоночнике выполняют при серьезных нарушениях осанки, выраженных искривлениях, деформациях грудной клетки. Другой способ снятия боли, отека и воспаления подбирают при наличии в зоне введения препарата рубцовой ткани.
Важно! Постановка блокад выполняется исключительно врачом. При этом место введения препарата, его доза и иные особенности манипуляций определяются специалистом.
Как проходит процедура?
Лечебно-медикаментозные блокады проводятся без специальной подготовки. Достаточно проконсультироваться с врачом. Специалист уточнит имеющиеся симптомы и определит все особенности процедуры. При необходимости дополнительно может быть проведено обследование. Оно позволит поставить точный диагноз, подобрать не только препараты для блокады, но и другие лекарственные средства, назначить определенные процедуры.
Медицинская блокада проводится поэтапно:
Пальпирование патологического участка для определения зоны концентрации боли
Обработка выбранной зоны антисептиком
Непосредственно введение основных препаратов
Конкретная техника блокады определяется индивидуально. Если инъекция вводится в позвоночник, основным ориентиром служит срединная линия, проходящая по остистым отросткам.
В некоторых случаях процедура проводится под контролем УЗИ или рентгена. Это позволяет повысить точность введения препарата и обеспечить максимальную эффективность и безопасность манипуляции.
Важно! При необходимости возможно выполнение второй блокады на 3-4 сутки после первой. В течение 4-6 месяцев пациенту обычно ставят не более 3 инъекций. Точное количество введений определяется врачом индивидуально, в соответствии с международными рекомендациями.
Надеемся, что вы разобрались в особенностях постановки медикаментозных блокад. Если у вас возникли вопросы, задайте их специалистам.
Рекомендуем обращаться к врачам МЕДСИ. Специалисты клиник готовы не только проконсультировать вас, но также назначить и поставить медикаментозную блокаду с целью устранения болевого синдрома и иных проблем. В клинике можно пройти необходимое обследование. Диагностика актуальна и эффективна, так как проводится с использованием современного высокоточного оборудования. Она безопасна и комфортна для пациентов.
Все консультации и манипуляции в МЕДСИ проводятся без очередей, в комфортной обстановке и в стенах одной клиники. Каждый пациент получает максимальную заботу и внимательное отношение со стороны всего персонала.
Автор статьи: врач-невролог Тен София Геннадьевна.
Источники:
Куташов В. А., Ульянова О. В., Хабарова Т. Ю. Остеохондроз. Современные методы диагностики и лечения. Медикаментозные блокады. – 2016
Орлов Г. С. Лечебные медикаментозные блокады в травматологии и ортопедии // Медицина неотложных состояний. – 2011. – № 1-2 (32-33). – С. 30-33
Королева Е. С. и др. Неврология болевых синдромов: медикаментозные блокады: учебное пособие. – 2019
Силаев М. А., Лифенцов И. Г. Малоинвазивные методы в лечении боли // Паллиативная медицина и реабилитация. – 2018. – № 2. – С. 34-41"
